{
  "CD18": 411.83019826594835,
  "DD1mm": 6.919271598206163,
  "DTR": 1.3886080616377827,
  "FD": 46.210895607247515,
  "GDD10": 1071.791838378906,
  "GDD5": 1240.5520187377929,
  "HD18": 1056.6996383035748,
  "HWA": 1.0,
  "HWD": 1.0,
  "HWF": 1.0,
  "MD15pd": 1.1833921148828446,
  "MD15pf": 1.0197916666666667,
  "PEDsrad": 91.13820262793658,
  "PR": 352.98151230403676,
  "R99p": 2.4052083333333334,
  "R99pVAL": 18.052045345330814,
  "R99pVALWet": 16.641525933648868,
  "REC_Rx1day": 25.0,
  "REC_TNn": 10.0,
  "REC_TXx": 50.0,
  "REC_Wx1day": 15.0,
  "RR1mm": 5.8343750000000005,
  "RR25mm": 5.977898183738044,
  "Rx1day": 27.411592838054737,
  "Sfrac50p": 1.0,
  "T": 4.283405303955078,
  "TN": 3.9805621477765456,
  "TNn": 3.869993615989957,
  "TX": 4.431040348843639,
  "TX25": 52.21385618814755,
  "TX30": 10.250065212817507,
  "TXx": 4.8354060816033995,
  "WBGT26": 1.0,
  "WBGT32": 1.0,
  "WBT26": 1.0,
  "WBT32": 1.0,
  "Wd10": 12.691234679601981,
  "Wd25": 0.150337438581769,
  "Wd99p": 1.0,
  "Wd99pVAL": 0.5973315829489465,
  "Wx1day": 0.6521979047465603,
  "hurs": 1.0,
  "rsds": 1.0,
  "sfcWind": 1.0,
  "sfcwind": 0.3889775538643689
}