{
  "DD1mm": 8.739887171859934,
  "FD": 80.48372785999089,
  "PR": 432.24593421649826,
  "R99pVALWet": 16.641525933648868,
  "REC_Rx1day": 25.0,
  "REC_TNn": 10.0,
  "REC_TXx": 50.0,
  "REC_Wx1day": 15.0,
  "RR25mm": 9.266910767021667,
  "Rx1day": 24.64806192299177,
  "TN": 3.706379777082582,
  "TNn": 3.353132403274022,
  "TX": 4.257037930169868,
  "TX25": 75.77669483192653,
  "TX30": 16.926383138576416,
  "TXx": 4.673431405231364,
  "Wd10": 12.691234679601981,
  "Wd25": 0.150337438581769,
  "Wd99pVAL": 0.5973315829489465,
  "Wx1day": 0.6521979047465603,
  "sfcwind": 0.3889775538643689
}